Workbook

Sheet Dashboard
B2: LEED Category Scorecard — Indian Green Buildings
B4: Ten certified projects scored category by category, plus a non-certified academic estimate for Vidyalankar Institute of Technology (VIT), Wadala.
B6: =COUNTA(Data!A2:A12) -> 11 | E6: =COUNT(Data!S2:S12)-1 -> 6 | H6: =AVERAGE(Data!S2:S11) -> 0.73939394 | K6: =Data!S12 -> 0.66326531
B8: Buildings in dataset | E8: With a public category scorecard | H8: Avg. total score (those certified) | K8: VIT's estimated score (not certified)
B51: Category scores — heatmap (darker green = stronger)
B52: Building | C52: SS | D52: WE | E52: EA | F52: MR | G52: IEQ | H52: ID | I52: RP
B53: ='Chart Data'!A13 -> Suzlon One Earth | C53: ='Chart Data'!B13 -> 0.76923077 | D53: ='Chart Data'!C13 -> 1 | E53: ='Chart Data'!D13 -> 0.82352941 | F53: ='Chart Data'!E13 -> 0.53846154 | G53: ='Chart Data'!F13 -> 1 | H53: ='Chart Data'!G13 -> 1 | I53: ='Chart Data'!H13
B54: ='Chart Data'!A14 -> CII–Godrej GBC | C54: ='Chart Data'!B14 -> 0.78571429 | D54: ='Chart Data'!C14 -> 1 | E54: ='Chart Data'!D14 -> 0.76470588 | F54: ='Chart Data'!E14 -> 0.61538462 | G54: ='Chart Data'!F14 -> 0.93333333 | H54: ='Chart Data'!G14 -> 1 | I54: ='Chart Data'!H14
B55: ='Chart Data'!A15 -> Infosys Mysuru SDB-08 | C55: ='Chart Data'!B15 -> 0.82142857 | D55: ='Chart Data'!C15 -> 1 | E55: ='Chart Data'!D15 -> 0.6 | F55: ='Chart Data'!E15 -> 0.46153846 | G55: ='Chart Data'!F15 -> 0.66666667 | H55: ='Chart Data'!G15 -> 0.83333333 | I55: ='Chart Data'!H15 -> 1
B56: ='Chart Data'!A16 -> ITC Green Centre | C56: ='Chart Data'!B16 -> 0.71428571 | D56: ='Chart Data'!C16 -> 1 | E56: ='Chart Data'!D16 -> 0.70588235 | F56: ='Chart Data'!E16 -> 0.61538462 | G56: ='Chart Data'!F16 -> 0.8 | H56: ='Chart Data'!G16 -> 1 | I56: ='Chart Data'!H16
B57: ='Chart Data'!A17 -> DLF Cyber City Tower B | C57: ='Chart Data'!B17 -> 0.73076923 | D57: ='Chart Data'!C17 -> 0.14285714 | E57: ='Chart Data'!D17 -> 0.48571429 | F57: ='Chart Data'!E17 -> 0.3 | G57: ='Chart Data'!F17 -> 0.46666667 | H57: ='Chart Data'!G17 -> 0.66666667 | I57: ='Chart Data'!H17 -> 1
B58: ='Chart Data'!A18 -> Godrej Bhavan, Mumbai | C58: ='Chart Data'!B18 -> 0.58333333 | D58: ='Chart Data'!C18 -> 0.9 | E58: ='Chart Data'!D18 -> 0.6 | F58: ='Chart Data'!E18 -> 0.71428571 | G58: ='Chart Data'!F18 -> 0.36842105 | H58: ='Chart Data'!G18 -> 0.71428571 | I58: ='Chart Data'!H18 -> 1
B59: ='Chart Data'!A19 -> VIT, Wadala (estimate) | C59: ='Chart Data'!B19 -> 0.72727273 | D59: ='Chart Data'!C19 -> 0.66666667 | E59: ='Chart Data'!D19 -> 0.66666667 | F59: ='Chart Data'!E19 -> 0.55555556 | G59: ='Chart Data'!F19 -> 0.69230769 | H59: ='Chart Data'!G19 -> 0.6 | I59: ='Chart Data'!H19 -> 1
B61: Source: "10 Indian Green Buildings — LEED Category Scores, with VIT" workbook. Four buildings (Indira Paryavaran Bhawan, Rajiv Gandhi International Airport, One Horizon Centre, Brigade Gateway) have documented LEED certification but no located public category scorecard — they appear in the rating count only, not in the score charts. VIT's figures are an academic estimate, not an official LEED certification — see the "Source Notes" tab. Full per-building sourcing notes and the VIT estimate basis are on the "Source Notes" tab; the underlying formulas are on the "Data" and "Chart Data" tabs.

Sheet Data
A1: Building | B1: LEED Version | C1: Rating | D1: SS raw | E1: SS % | F1: WE raw | G1: WE % | H1: EA raw | I1: EA % | J1: MR raw | K1: MR % | L1: IEQ raw | M1: IEQ % | N1: ID raw | O1: ID % | P1: RP raw | Q1: RP % | R1: Total raw | S1: Total % | T1: Verification note
A2: CII–Sohrabji Godrej Green Business Centre | B2: LEED v2.0 | C2: Platinum | D2: 11/14 | E2: =IFERROR(VALUE(LEFT(D2,FIND("/",D2)-1))/VALUE(MID(D2,FIND("/",D2)+1,10)),"") -> 0.78571429 | F2: 5/5 | G2: =IFERROR(VALUE(LEFT(F2,FIND("/",F2)-1))/VALUE(MID(F2,FIND("/",F2)+1,10)),"") -> 1 | H2: 13/17 | I2: =IFERROR(VALUE(LEFT(H2,FIND("/",H2)-1))/VALUE(MID(H2,FIND("/",H2)+1,10)),"") -> 0.76470588 | J2: 8/13 | K2: =IFERROR(VALUE(LEFT(J2,FIND("/",J2)-1))/VALUE(MID(J2,FIND("/",J2)+1,10)),"") -> 0.61538462 | L2: 14/15 | M2: =IFERROR(VALUE(LEFT(L2,FIND("/",L2)-1))/VALUE(MID(L2,FIND("/",L2)+1,10)),"") -> 0.93333333 | N2: 5/5 | O2: =IFERROR(VALUE(LEFT(N2,FIND("/",N2)-1))/VALUE(MID(N2,FIND("/",N2)+1,10)),"") -> 1 | P2: — | Q2: =IFERROR(VALUE(LEFT(P2,FIND("/",P2)-1))/VALUE(MID(P2,FIND("/",P2)+1,10)),"") | R2: 56/69 | S2: =IFERROR(VALUE(LEFT(R2,FIND("/",R2)-1))/VALUE(MID(R2,FIND("/",R2)+1,10)),"") -> 0.8115942 | T2: The original LEED v2 certification record shows 56/69 and the project scorecard provides category values. The category totals are legacy LEED v2 values.
A3: ITC Green Centre | B3: LEED NC v2.1 | C3: Platinum | D3: 10/14 | E3: =IFERROR(VALUE(LEFT(D3,FIND("/",D3)-1))/VALUE(MID(D3,FIND("/",D3)+1,10)),"") -> 0.71428571 | F3: 5/5 | G3: =IFERROR(VALUE(LEFT(F3,FIND("/",F3)-1))/VALUE(MID(F3,FIND("/",F3)+1,10)),"") -> 1 | H3: 12/17 | I3: =IFERROR(VALUE(LEFT(H3,FIND("/",H3)-1))/VALUE(MID(H3,FIND("/",H3)+1,10)),"") -> 0.70588235 | J3: 8/13 | K3: =IFERROR(VALUE(LEFT(J3,FIND("/",J3)-1))/VALUE(MID(J3,FIND("/",J3)+1,10)),"") -> 0.61538462 | L3: 12/15 | M3: =IFERROR(VALUE(LEFT(L3,FIND("/",L3)-1))/VALUE(MID(L3,FIND("/",L3)+1,10)),"") -> 0.8 | N3: 5/5 | O3: =IFERROR(VALUE(LEFT(N3,FIND("/",N3)-1))/VALUE(MID(N3,FIND("/",N3)+1,10)),"") -> 1 | P3: — | Q3: =IFERROR(VALUE(LEFT(P3,FIND("/",P3)-1))/VALUE(MID(P3,FIND("/",P3)+1,10)),"") | R3: 52/69 | S3: =IFERROR(VALUE(LEFT(R3,FIND("/",R3)-1))/VALUE(MID(R3,FIND("/",R3)+1,10)),"") -> 0.75362319 | T3: A published technical summary reports 10/14 SS, 5/5 WE, 12/17 EA, 8/13 MR, 12/15 IEQ and 5/5 Innovation, total 52/69. Other secondary sources report 56/69, so the total-score history is inconsistent.
A4: Suzlon One Earth | B4: LEED-India NC | C4: Platinum | D4: 10/13 | E4: =IFERROR(VALUE(LEFT(D4,FIND("/",D4)-1))/VALUE(MID(D4,FIND("/",D4)+1,10)),"") -> 0.76923077 | F4: 6/6 | G4: =IFERROR(VALUE(LEFT(F4,FIND("/",F4)-1))/VALUE(MID(F4,FIND("/",F4)+1,10)),"") -> 1 | H4: 14/17 | I4: =IFERROR(VALUE(LEFT(H4,FIND("/",H4)-1))/VALUE(MID(H4,FIND("/",H4)+1,10)),"") -> 0.82352941 | J4: 7/13 | K4: =IFERROR(VALUE(LEFT(J4,FIND("/",J4)-1))/VALUE(MID(J4,FIND("/",J4)+1,10)),"") -> 0.53846154 | L4: 15/15 | M4: =IFERROR(VALUE(LEFT(L4,FIND("/",L4)-1))/VALUE(MID(L4,FIND("/",L4)+1,10)),"") -> 1 | N4: 5/5 | O4: =IFERROR(VALUE(LEFT(N4,FIND("/",N4)-1))/VALUE(MID(N4,FIND("/",N4)+1,10)),"") -> 1 | P4: — | Q4: =IFERROR(VALUE(LEFT(P4,FIND("/",P4)-1))/VALUE(MID(P4,FIND("/",P4)+1,10)),"") | R4: 57/69 | S4: =IFERROR(VALUE(LEFT(R4,FIND("/",R4)-1))/VALUE(MID(R4,FIND("/",R4)+1,10)),"") -> 0.82608696 | T4: A published LEED-India table reports SS 10/13, EA 14/17, WE 6/6, IEQ 15/15, MR 7/13, Innovation 5/5, total 57/69; other sources describe 57/58 applied. The workbook uses the category table.
A5: Indira Paryavaran Bhawan | B5: LEED India Platinum | C5: Platinum | D5: Not publicly reported | E5: =IFERROR(VALUE(LEFT(D5,FIND("/",D5)-1))/VALUE(MID(D5,FIND("/",D5)+1,10)),"") | F5: Not publicly reported | G5: =IFERROR(VALUE(LEFT(F5,FIND("/",F5)-1))/VALUE(MID(F5,FIND("/",F5)+1,10)),"") | H5: Not publicly reported | I5: =IFERROR(VALUE(LEFT(H5,FIND("/",H5)-1))/VALUE(MID(H5,FIND("/",H5)+1,10)),"") | J5: Not publicly reported | K5: =IFERROR(VALUE(LEFT(J5,FIND("/",J5)-1))/VALUE(MID(J5,FIND("/",J5)+1,10)),"") | L5: Not publicly reported | M5: =IFERROR(VALUE(LEFT(L5,FIND("/",L5)-1))/VALUE(MID(L5,FIND("/",L5)+1,10)),"") | N5: Not publicly reported | O5: =IFERROR(VALUE(LEFT(N5,FIND("/",N5)-1))/VALUE(MID(N5,FIND("/",N5)+1,10)),"") | P5: Not publicly reported | Q5: =IFERROR(VALUE(LEFT(P5,FIND("/",P5)-1))/VALUE(MID(P5,FIND("/",P5)+1,10)),"") | R5: Not publicly reported | S5: =IFERROR(VALUE(LEFT(R5,FIND("/",R5)-1))/VALUE(MID(R5,FIND("/",R5)+1,10)),"") | T5: LEED Platinum and GRIHA 5-Star are documented, but a complete public LEED category scorecard was not found in the sources checked.
A6: Infosys Mysuru – SDB-08 | B6: LEED BD+C Core & Shell v2009 | C6: Platinum | D6: 23/28 | E6: =IFERROR(VALUE(LEFT(D6,FIND("/",D6)-1))/VALUE(MID(D6,FIND("/",D6)+1,10)),"") -> 0.82142857 | F6: 10/10 | G6: =IFERROR(VALUE(LEFT(F6,FIND("/",F6)-1))/VALUE(MID(F6,FIND("/",F6)+1,10)),"") -> 1 | H6: 33/55 | I6: =IFERROR(VALUE(LEFT(H6,FIND("/",H6)-1))/VALUE(MID(H6,FIND("/",H6)+1,10)),"") -> 0.6 | J6: 6/13 | K6: =IFERROR(VALUE(LEFT(J6,FIND("/",J6)-1))/VALUE(MID(J6,FIND("/",J6)+1,10)),"") -> 0.46153846 | L6: 8/12 | M6: =IFERROR(VALUE(LEFT(L6,FIND("/",L6)-1))/VALUE(MID(L6,FIND("/",L6)+1,10)),"") -> 0.66666667 | N6: 5/6 | O6: =IFERROR(VALUE(LEFT(N6,FIND("/",N6)-1))/VALUE(MID(N6,FIND("/",N6)+1,10)),"") -> 0.83333333 | P6: 4/4 | Q6: =IFERROR(VALUE(LEFT(P6,FIND("/",P6)-1))/VALUE(MID(P6,FIND("/",P6)+1,10)),"") -> 1 | R6: 89/110 | S6: =IFERROR(VALUE(LEFT(R6,FIND("/",R6)-1))/VALUE(MID(R6,FIND("/",R6)+1,10)),"") -> 0.80909091 | T6: Published LEED scorecard gives 23/28 SS, 10/10 WE, 33/55 EA, 6/13 MR, 8/12 IEQ, 5/6 Innovation and 4/4 Regional Priority; total 89/110.
A7: DLF Cyber City – Centre Court Tower B | B7: LEED O+M Existing Buildings v2009 | C7: Gold | D7: 19/26 | E7: =IFERROR(VALUE(LEFT(D7,FIND("/",D7)-1))/VALUE(MID(D7,FIND("/",D7)+1,10)),"") -> 0.73076923 | F7: 2/14 | G7: =IFERROR(VALUE(LEFT(F7,FIND("/",F7)-1))/VALUE(MID(F7,FIND("/",F7)+1,10)),"") -> 0.14285714 | H7: 17/35 | I7: =IFERROR(VALUE(LEFT(H7,FIND("/",H7)-1))/VALUE(MID(H7,FIND("/",H7)+1,10)),"") -> 0.48571429 | J7: 3/10 | K7: =IFERROR(VALUE(LEFT(J7,FIND("/",J7)-1))/VALUE(MID(J7,FIND("/",J7)+1,10)),"") -> 0.3 | L7: 7/15 | M7: =IFERROR(VALUE(LEFT(L7,FIND("/",L7)-1))/VALUE(MID(L7,FIND("/",L7)+1,10)),"") -> 0.46666667 | N7: 4/6 | O7: =IFERROR(VALUE(LEFT(N7,FIND("/",N7)-1))/VALUE(MID(N7,FIND("/",N7)+1,10)),"") -> 0.66666667 | P7: 4/4 | Q7: =IFERROR(VALUE(LEFT(P7,FIND("/",P7)-1))/VALUE(MID(P7,FIND("/",P7)+1,10)),"") -> 1 | R7: 69/110 | S7: =IFERROR(VALUE(LEFT(R7,FIND("/",R7)-1))/VALUE(MID(R7,FIND("/",R7)+1,10)),"") -> 0.62727273 | T7: Published LEED O+M scorecard gives 19/26 SS, 2/14 WE, 17/35 EA, 3/10 MR, 7/15 IEQ, 4/6 Innovation and 4/4 Regional Priority; total 69/110.
A8: Rajiv Gandhi International Airport | B8: LEED certification (project/version varies by source) | C8: LEED certification reported | D8: Not publicly reported | E8: =IFERROR(VALUE(LEFT(D8,FIND("/",D8)-1))/VALUE(MID(D8,FIND("/",D8)+1,10)),"") | F8: Not publicly reported | G8: =IFERROR(VALUE(LEFT(F8,FIND("/",F8)-1))/VALUE(MID(F8,FIND("/",F8)+1,10)),"") | H8: Not publicly reported | I8: =IFERROR(VALUE(LEFT(H8,FIND("/",H8)-1))/VALUE(MID(H8,FIND("/",H8)+1,10)),"") | J8: Not publicly reported | K8: =IFERROR(VALUE(LEFT(J8,FIND("/",J8)-1))/VALUE(MID(J8,FIND("/",J8)+1,10)),"") | L8: Not publicly reported | M8: =IFERROR(VALUE(LEFT(L8,FIND("/",L8)-1))/VALUE(MID(L8,FIND("/",L8)+1,10)),"") | N8: Not publicly reported | O8: =IFERROR(VALUE(LEFT(N8,FIND("/",N8)-1))/VALUE(MID(N8,FIND("/",N8)+1,10)),"") | P8: Not publicly reported | Q8: =IFERROR(VALUE(LEFT(P8,FIND("/",P8)-1))/VALUE(MID(P8,FIND("/",P8)+1,10)),"") | R8: Not publicly reported | S8: =IFERROR(VALUE(LEFT(R8,FIND("/",R8)-1))/VALUE(MID(R8,FIND("/",R8)+1,10)),"") | T8: LEED certification is documented, but the exact project-specific category scorecard was not located.
A9: One Horizon Centre | B9: LEED Core & Shell Platinum | C9: Platinum | D9: Not publicly reported | E9: =IFERROR(VALUE(LEFT(D9,FIND("/",D9)-1))/VALUE(MID(D9,FIND("/",D9)+1,10)),"") | F9: Not publicly reported | G9: =IFERROR(VALUE(LEFT(F9,FIND("/",F9)-1))/VALUE(MID(F9,FIND("/",F9)+1,10)),"") | H9: Not publicly reported | I9: =IFERROR(VALUE(LEFT(H9,FIND("/",H9)-1))/VALUE(MID(H9,FIND("/",H9)+1,10)),"") | J9: Not publicly reported | K9: =IFERROR(VALUE(LEFT(J9,FIND("/",J9)-1))/VALUE(MID(J9,FIND("/",J9)+1,10)),"") | L9: Not publicly reported | M9: =IFERROR(VALUE(LEFT(L9,FIND("/",L9)-1))/VALUE(MID(L9,FIND("/",L9)+1,10)),"") | N9: Not publicly reported | O9: =IFERROR(VALUE(LEFT(N9,FIND("/",N9)-1))/VALUE(MID(N9,FIND("/",N9)+1,10)),"") | P9: Not publicly reported | Q9: =IFERROR(VALUE(LEFT(P9,FIND("/",P9)-1))/VALUE(MID(P9,FIND("/",P9)+1,10)),"") | R9: Not publicly reported | S9: =IFERROR(VALUE(LEFT(R9,FIND("/",R9)-1))/VALUE(MID(R9,FIND("/",R9)+1,10)),"") | T9: LEED Platinum certification is documented, but a project-specific category scorecard was not located.
A10: Godrej Bhavan, Mumbai | B10: LEED O+M v2 | C10: Gold | D10: 7/12 | E10: =IFERROR(VALUE(LEFT(D10,FIND("/",D10)-1))/VALUE(MID(D10,FIND("/",D10)+1,10)),"") -> 0.58333333 | F10: 9/10 | G10: =IFERROR(VALUE(LEFT(F10,FIND("/",F10)-1))/VALUE(MID(F10,FIND("/",F10)+1,10)),"") -> 0.9 | H10: 18/30 | I10: =IFERROR(VALUE(LEFT(H10,FIND("/",H10)-1))/VALUE(MID(H10,FIND("/",H10)+1,10)),"") -> 0.6 | J10: 10/14 | K10: =IFERROR(VALUE(LEFT(J10,FIND("/",J10)-1))/VALUE(MID(J10,FIND("/",J10)+1,10)),"") -> 0.71428571 | L10: 7/19 | M10: =IFERROR(VALUE(LEFT(L10,FIND("/",L10)-1))/VALUE(MID(L10,FIND("/",L10)+1,10)),"") -> 0.36842105 | N10: 5/7 | O10: =IFERROR(VALUE(LEFT(N10,FIND("/",N10)-1))/VALUE(MID(N10,FIND("/",N10)+1,10)),"") -> 0.71428571 | P10: 4/4 | Q10: =IFERROR(VALUE(LEFT(P10,FIND("/",P10)-1))/VALUE(MID(P10,FIND("/",P10)+1,10)),"") -> 1 | R10: 56/92 | S10: =IFERROR(VALUE(LEFT(R10,FIND("/",R10)-1))/VALUE(MID(R10,FIND("/",R10)+1,10)),"") -> 0.60869565 | T10: GRIHA presentation reproduces LEED O+M v2 category values: 7/12 SS, 9/10 WE, 18/30 EA, 10/14 MR, 7/19 IEQ, 5/7 Innovation and 4/4 Regional Priority; total 56/92.
A11: Brigade Gateway | B11: Campus / multiple buildings and certifications | C11: Multiple certifications | D11: Not publicly reported | E11: =IFERROR(VALUE(LEFT(D11,FIND("/",D11)-1))/VALUE(MID(D11,FIND("/",D11)+1,10)),"") | F11: Not publicly reported | G11: =IFERROR(VALUE(LEFT(F11,FIND("/",F11)-1))/VALUE(MID(F11,FIND("/",F11)+1,10)),"") | H11: Not publicly reported | I11: =IFERROR(VALUE(LEFT(H11,FIND("/",H11)-1))/VALUE(MID(H11,FIND("/",H11)+1,10)),"") | J11: Not publicly reported | K11: =IFERROR(VALUE(LEFT(J11,FIND("/",J11)-1))/VALUE(MID(J11,FIND("/",J11)+1,10)),"") | L11: Not publicly reported | M11: =IFERROR(VALUE(LEFT(L11,FIND("/",L11)-1))/VALUE(MID(L11,FIND("/",L11)+1,10)),"") | N11: Not publicly reported | O11: =IFERROR(VALUE(LEFT(N11,FIND("/",N11)-1))/VALUE(MID(N11,FIND("/",N11)+1,10)),"") | P11: Not publicly reported | Q11: =IFERROR(VALUE(LEFT(P11,FIND("/",P11)-1))/VALUE(MID(P11,FIND("/",P11)+1,10)),"") | R11: Not publicly reported | S11: =IFERROR(VALUE(LEFT(R11,FIND("/",R11)-1))/VALUE(MID(R11,FIND("/",R11)+1,10)),"") | T11: Brigade Gateway is a mixed-use campus with multiple assets/certifications, so there is no single campus-wide LEED category score to put into one row.
A12: Vidyalankar Institute of Technology, Wadala, Mumbai | B12: LEED v5-style academic estimate (NOT an official certification score) | C12: Estimated — not certified | D12: 8/11 | E12: =IFERROR(VALUE(LEFT(D12,FIND("/",D12)-1))/VALUE(MID(D12,FIND("/",D12)+1,10)),"") -> 0.72727273 | F12: 6/9 | G12: =IFERROR(VALUE(LEFT(F12,FIND("/",F12)-1))/VALUE(MID(F12,FIND("/",F12)+1,10)),"") -> 0.66666667 | H12: 22/33 | I12: =IFERROR(VALUE(LEFT(H12,FIND("/",H12)-1))/VALUE(MID(H12,FIND("/",H12)+1,10)),"") -> 0.66666667 | J12: 10/18 | K12: =IFERROR(VALUE(LEFT(J12,FIND("/",J12)-1))/VALUE(MID(J12,FIND("/",J12)+1,10)),"") -> 0.55555556 | L12: 9/13 | M12: =IFERROR(VALUE(LEFT(L12,FIND("/",L12)-1))/VALUE(MID(L12,FIND("/",L12)+1,10)),"") -> 0.69230769 | N12: 6/10 | O12: =IFERROR(VALUE(LEFT(N12,FIND("/",N12)-1))/VALUE(MID(N12,FIND("/",N12)+1,10)),"") -> 0.6 | P12: 4/4 | Q12: =IFERROR(VALUE(LEFT(P12,FIND("/",P12)-1))/VALUE(MID(P12,FIND("/",P12)+1,10)),"") -> 1 | R12: 65/98 | S12: =IFERROR(VALUE(LEFT(R12,FIND("/",R12)-1))/VALUE(MID(R12,FIND("/",R12)+1,10)),"") -> 0.66326531 | T12: ESTIMATE ONLY: VIT's official AQAR documents green-campus initiatives including restricted automobile entry, bicycles/battery-powered vehicles, pedestrian-friendly pathways, plastic ban, landscaping, and environmental/energy/green audits. These documented measures were used to create an academic-use indicative score. The numbers are NOT an official LEED score and should not be presented as certification results.

Sheet Chart Data
A1: Building | B1: Total score %
A2: Suzlon One Earth | B2: =Data!S4 -> 0.82608696
A3: CII–Godrej GBC | B3: =Data!S2 -> 0.8115942
A4: Infosys Mysuru SDB-08 | B4: =Data!S6 -> 0.80909091
A5: ITC Green Centre | B5: =Data!S3 -> 0.75362319
A6: DLF Cyber City Tower B | B6: =Data!S7 -> 0.62727273
A7: Godrej Bhavan, Mumbai | B7: =Data!S10 -> 0.60869565
A8: VIT, Wadala (estimate) | B8: =Data!S12 -> 0.66326531
A11: Category breakdown (%)
A12: Building | B12: SS | C12: WE | D12: EA | E12: MR | F12: IEQ | G12: ID | H12: RP
A13: Suzlon One Earth | B13: =Data!E4 -> 0.76923077 | C13: =Data!G4 -> 1 | D13: =Data!I4 -> 0.82352941 | E13: =Data!K4 -> 0.53846154 | F13: =Data!M4 -> 1 | G13: =Data!O4 -> 1 | H13: =Data!Q4
A14: CII–Godrej GBC | B14: =Data!E2 -> 0.78571429 | C14: =Data!G2 -> 1 | D14: =Data!I2 -> 0.76470588 | E14: =Data!K2 -> 0.61538462 | F14: =Data!M2 -> 0.93333333 | G14: =Data!O2 -> 1 | H14: =Data!Q2
A15: Infosys Mysuru SDB-08 | B15: =Data!E6 -> 0.82142857 | C15: =Data!G6 -> 1 | D15: =Data!I6 -> 0.6 | E15: =Data!K6 -> 0.46153846 | F15: =Data!M6 -> 0.66666667 | G15: =Data!O6 -> 0.83333333 | H15: =Data!Q6 -> 1
A16: ITC Green Centre | B16: =Data!E3 -> 0.71428571 | C16: =Data!G3 -> 1 | D16: =Data!I3 -> 0.70588235 | E16: =Data!K3 -> 0.61538462 | F16: =Data!M3 -> 0.8 | G16: =Data!O3 -> 1 | H16: =Data!Q3
A17: DLF Cyber City Tower B | B17: =Data!E7 -> 0.73076923 | C17: =Data!G7 -> 0.14285714 | D17: =Data!I7 -> 0.48571429 | E17: =Data!K7 -> 0.3 | F17: =Data!M7 -> 0.46666667 | G17: =Data!O7 -> 0.66666667 | H17: =Data!Q7 -> 1
A18: Godrej Bhavan, Mumbai | B18: =Data!E10 -> 0.58333333 | C18: =Data!G10 -> 0.9 | D18: =Data!I10 -> 0.6 | E18: =Data!K10 -> 0.71428571 | F18: =Data!M10 -> 0.36842105 | G18: =Data!O10 -> 0.71428571 | H18: =Data!Q10 -> 1
A19: VIT, Wadala (estimate) | B19: =Data!E12 -> 0.72727273 | C19: =Data!G12 -> 0.66666667 | D19: =Data!I12 -> 0.66666667 | E19: =Data!K12 -> 0.55555556 | F19: =Data!M12 -> 0.69230769 | G19: =Data!O12 -> 0.6 | H19: =Data!Q12 -> 1
A22: Rating distribution
A23: Rating | B23: Count
A24: Platinum | B24: =COUNTIF(Data!$C$2:$C$12,A24) -> 6
A25: Gold | B25: =COUNTIF(Data!$C$2:$C$12,A25) -> 2
A26: LEED certification reported | B26: =COUNTIF(Data!$C$2:$C$12,A26) -> 1
A27: Multiple certifications | B27: =COUNTIF(Data!$C$2:$C$12,A27) -> 1
A28: Estimated — not certified | B28: =COUNTIF(Data!$C$2:$C$12,A28) -> 1

Sheet Source Notes
A1: Verification notes, by building
A2: Building | B2: Verification note
A3: CII–Sohrabji Godrej Green Business Centre | B3: The original LEED v2 certification record shows 56/69 and the project scorecard provides category values. The category totals are legacy LEED v2 values.
A4: ITC Green Centre | B4: A published technical summary reports 10/14 SS, 5/5 WE, 12/17 EA, 8/13 MR, 12/15 IEQ and 5/5 Innovation, total 52/69. Other secondary sources report 56/69, so the total-score history is inconsistent.
A5: Suzlon One Earth | B5: A published LEED-India table reports SS 10/13, EA 14/17, WE 6/6, IEQ 15/15, MR 7/13, Innovation 5/5, total 57/69; other sources describe 57/58 applied. The workbook uses the category table.
A6: Indira Paryavaran Bhawan | B6: LEED Platinum and GRIHA 5-Star are documented, but a complete public LEED category scorecard was not found in the sources checked.
A7: Infosys Mysuru – SDB-08 | B7: Published LEED scorecard gives 23/28 SS, 10/10 WE, 33/55 EA, 6/13 MR, 8/12 IEQ, 5/6 Innovation and 4/4 Regional Priority; total 89/110.
A8: DLF Cyber City – Centre Court Tower B | B8: Published LEED O+M scorecard gives 19/26 SS, 2/14 WE, 17/35 EA, 3/10 MR, 7/15 IEQ, 4/6 Innovation and 4/4 Regional Priority; total 69/110.
A9: Rajiv Gandhi International Airport | B9: LEED certification is documented, but the exact project-specific category scorecard was not located.
A10: One Horizon Centre | B10: LEED Platinum certification is documented, but a project-specific category scorecard was not located.
A11: Godrej Bhavan, Mumbai | B11: GRIHA presentation reproduces LEED O+M v2 category values: 7/12 SS, 9/10 WE, 18/30 EA, 10/14 MR, 7/19 IEQ, 5/7 Innovation and 4/4 Regional Priority; total 56/92.
A12: Brigade Gateway | B12: Brigade Gateway is a mixed-use campus with multiple assets/certifications, so there is no single campus-wide LEED category score to put into one row.
A13: Vidyalankar Institute of Technology, Wadala, Mumbai | B13: ESTIMATE ONLY: VIT's official AQAR documents green-campus initiatives including restricted automobile entry, bicycles/battery-powered vehicles, pedestrian-friendly pathways, plastic ban, landscaping, and environmental/energy/green audits. These documented measures were used to create an academic-use indicative score. The numbers are NOT an official LEED score and should not be presented as certification results.
A16: VIT, Wadala — estimate basis by category
A17: Category | B17: Why this estimate was assigned
A18: Sustainable Sites | B18: Strong documented green-campus measures: pedestrian pathways, restricted automobiles, landscaping, and sustainable mobility.
A19: Water Efficiency | B19: Moderate estimate because public documents reviewed confirm environmental initiatives but do not provide a complete water-performance scorecard.
A20: Energy & Atmosphere | B20: VIT reports energy/environment audits; the estimate assumes meaningful energy-management practices but no verified LEED energy model was found.
A21: Materials & Resources | B21: Moderate estimate; plastic-ban and waste/environment initiatives support the category, but a full materials scorecard was not found.
A22: Indoor Environmental Quality | B22: Indicative score based on modern campus infrastructure and environmental focus; no LEED IEQ scorecard was found.
A23: Project Priorities / Innovation proxy | B23: Indicative score reflecting documented sustainability initiatives and green-campus practices.
A24: Regional Priority proxy | B24: Academic-use estimate only; not an official LEED Regional Priority score.
A25: Total | B25: Arithmetic total of the above estimated fields. It is NOT a LEED certification score.
